<?xml version="1.0" encoding="UTF-8"?>
<project version="4">
  <component name="ChangeListManager">
    <list default="true" id="f4384380-38bf-4419-ac41-3849f33ea83a" name="Default Changelist" comment="" />
    <option name="SHOW_DIALOG" value="false" />
    <option name="HIGHLIGHT_CONFLICTS" value="true" />
    <option name="HIGHLIGHT_NON_ACTIVE_CHANGELIST" value="false" />
    <option name="LAST_RESOLUTION" value="IGNORE" />
  </component>
  <component name="ProjectId" id="1zROBXCHODJWy59P6DsQl6R3mP6" />
  <component name="ProjectViewState">
    <option name="hideEmptyMiddlePackages" value="true" />
    <option name="showLibraryContents" value="true" />
  </component>
  <component name="PropertiesComponent">
    <property name="RunOnceActivity.OpenProjectViewOnStart" value="true" />
    <property name="last_opened_file_path" value="$PROJECT_DIR$" />
    <property name="settings.editor.selected.configurable" value="com.jetbrains.python.configuration.PyActiveSdkModuleConfigurable" />
  </component>
  <component name="RunManager">
    <configuration name="main" type="PythonConfigurationType" factoryName="Python" nameIsGenerated="true">
      <module name="voice based project" />
      <option name="INTERPRETER_OPTIONS" value="" />
      <option name="PARENT_ENVS" value="true" />
      <envs>
        <env name="PYTHONUNBUFFERED" value="1" />
      </envs>
      <option name="SDK_HOME" value="" />
      <option name="WORKING_DIRECTORY" value="$PROJECT_DIR$" />
      <option name="IS_MODULE_SDK" value="true" />
      <option name="ADD_CONTENT_ROOTS" value="true" />
      <option name="ADD_SOURCE_ROOTS" value="true" />
      <option name="SCRIPT_NAME" value="$PROJECT_DIR$/main.py" />
      <option name="PARAMETERS" value="" />
      <option name="SHOW_COMMAND_LINE" value="false" />
      <option name="EMULATE_TERMINAL" value="false" />
      <option name="MODULE_MODE" value="false" />
      <option name="REDIRECT_INPUT" value="false" />
      <option name="INPUT_FILE" value="" />
      <method v="2" />
    </configuration>
  </component>
  <component name="SpellCheckerSettings" RuntimeDictionaries="0" Folders="0" CustomDictionaries="0" DefaultDictionary="application-level" UseSingleDictionary="true" transferred="true" />
  <component name="TaskManager">
    <task active="true" id="Default" summary="Default task">
      <changelist id="f4384380-38bf-4419-ac41-3849f33ea83a" name="Default Changelist" comment="" />
      <created>1634107298600</created>
      <option name="number" value="Default" />
      <option name="presentableId" value="Default" />
      <updated>1634107298600</updated>
    </task>
    <servers />
  </component>
  <component name="WindowStateProjectService">
    <state width="1404" height="208" key="GridCell.Tab.0.bottom" timestamp="1634113211595">
      <screen x="0" y="0" width="1536" height="824" />
    </state>
    <state width="1404" height="208" key="GridCell.Tab.0.bottom/0.0.1536.824@0.0.1536.824" timestamp="1634113211595" />
    <state width="1404" height="208" key="GridCell.Tab.0.center" timestamp="1634113211593">
      <screen x="0" y="0" width="1536" height="824" />
    </state>
    <state width="1404" height="208" key="GridCell.Tab.0.center/0.0.1536.824@0.0.1536.824" timestamp="1634113211593" />
    <state width="1404" height="208" key="GridCell.Tab.0.left" timestamp="1634113211593">
      <screen x="0" y="0" width="1536" height="824" />
    </state>
    <state width="1404" height="208" key="GridCell.Tab.0.left/0.0.1536.824@0.0.1536.824" timestamp="1634113211593" />
    <state width="1404" height="208" key="GridCell.Tab.0.right" timestamp="1634113211595">
      <screen x="0" y="0" width="1536" height="824" />
    </state>
    <state width="1404" height="208" key="GridCell.Tab.0.right/0.0.1536.824@0.0.1536.824" timestamp="1634113211595" />
    <state x="229" y="57" key="SettingsEditor" timestamp="1634112803229">
      <screen x="0" y="0" width="1536" height="824" />
    </state>
    <state x="229" y="57" key="SettingsEditor/0.0.1536.824@0.0.1536.824" timestamp="1634112803229" />
  </component>
</project>